n_donors,clutter_db,rcs,donor_sigma,scenario_id,no_passive_median_m,random_median_m,highest_snr_median_m,shortest_pulse_median_m,metrology_eig_median_m,best_simple_median_m,metrology_eig_beats_no_passive,metrology_eig_beats_best_simple
4,5,10,30,1,378.1928763205345,132.9629816772623,198.15552526927536,128.20308361535808,132.9629816772623,128.20308361535808,1,0
4,5,10,100,2,424.0387588978008,168.52142980895445,183.88760798663847,168.52142980895445,168.52142980895445,168.52142980895445,1,0
4,5,100,30,3,401.1720570670287,38.807366198810755,38.19542331985724,36.223365900783364,30.04575386104331,36.223365900783364,1,1
4,5,100,100,4,428.6582529175231,52.84629517794339,57.88182877743058,58.74860973601442,38.239542363537865,52.84629517794339,1,1
4,5,1000,30,5,418.1111609739776,29.409287537233403,70.19886590805751,58.700051774535154,32.21895208289439,29.409287537233403,1,0
4,5,1000,100,6,400.9658737884331,24.449538667944626,36.22557351921988,47.126302573751204,33.82321522118932,24.449538667944626,1,0
4,15,10,30,7,370.8299820402659,370.8299820402659,370.8299820402659,370.8299820402659,370.8299820402659,370.8299820402659,0,0
4,15,10,100,8,343.01508870965336,321.1582466039696,321.1582466039696,321.1582466039696,321.1582466039696,321.1582466039696,1,0
4,15,100,30,9,286.23948140811063,95.84825843876303,91.79297989252996,95.84825843876303,91.79297989252996,91.79297989252996,1,0
4,15,100,100,10,482.91193547678233,123.03908040722546,129.43071077658385,123.03908040722546,123.03908040722546,123.03908040722546,1,0
4,15,1000,30,11,414.0499268989063,32.02622869592267,30.68095493428234,25.709472992421375,21.553118091242453,25.709472992421375,1,1
4,15,1000,100,12,331.01244437970956,70.68815870437393,87.33897504983611,58.53512663581096,60.26924249194205,58.53512663581096,1,0
4,25,10,30,13,370.0666544564979,379.3922016064114,379.3922016064114,379.3922016064114,379.3922016064114,379.3922016064114,0,0
4,25,10,100,14,338.5304404327196,338.5304404327196,338.5304404327196,338.5304404327196,338.5304404327196,338.5304404327196,0,0
4,25,100,30,15,295.85971050173697,267.9404806042438,294.19961680779363,294.19961680779363,267.9404806042438,267.9404806042438,1,0
4,25,100,100,16,318.454752586737,298.3865294087057,298.3865294087057,298.3865294087057,298.3865294087057,298.3865294087057,1,0
4,25,1000,30,17,405.96863012552706,64.83635694559754,88.06587373885253,60.291532150422164,60.291532150422164,60.291532150422164,1,0
4,25,1000,100,18,394.5958042989354,113.72540397536058,116.5193920642426,111.17820440206734,113.72540397536058,111.17820440206734,1,0
12,5,10,30,19,318.28008032679327,28.938709796876832,32.240462944489956,34.90975887989313,32.73199478039435,28.938709796876832,1,0
12,5,10,100,20,385.0304986917271,81.9568215477162,83.64983201320061,74.0189889221235,70.23546670291276,74.0189889221235,1,1
12,5,100,30,21,397.8693541668492,19.56191968239915,19.44053564433038,15.962003459037746,8.364786863744337,15.962003459037746,1,1
12,5,100,100,22,368.5331883564437,27.221906143653374,38.38460443767933,25.37275988541712,21.16616014307897,25.37275988541712,1,1
12,5,1000,30,23,342.51999001003355,12.335789471472896,23.52141844878071,16.040593722145083,9.627091882528546,12.335789471472896,1,1
12,5,1000,100,24,392.9501716395491,20.48808387234905,32.88338837555919,21.700657104255903,17.419842956556813,20.48808387234905,1,1
12,15,10,30,25,419.6014360590036,301.72548906182925,301.72548906182925,301.72548906182925,301.72548906182925,301.72548906182925,1,0
12,15,10,100,26,444.48653612441115,336.99410305040533,336.99410305040533,336.99410305040533,336.99410305040533,336.99410305040533,1,0
12,15,100,30,27,391.2188127582029,31.52608514077295,36.9142629784954,33.952640185185416,33.12607982594932,31.52608514077295,1,0
12,15,100,100,28,367.22765351636656,42.298314964535045,50.0734519427706,44.575493166440666,37.9671192586395,42.298314964535045,1,1
12,15,1000,30,29,336.3369303797783,12.991503969719773,18.447149968731765,14.013535793520237,13.406358362414167,12.991503969719773,1,0
12,15,1000,100,30,429.517058235838,28.414858927452624,36.454185021166765,22.061583548449633,23.122864984125457,22.061583548449633,1,0
12,25,10,30,31,376.04282844376485,359.573195957713,359.573195957713,359.573195957713,359.573195957713,359.573195957713,1,0
12,25,10,100,32,366.92208776262987,366.0552633443955,366.0552633443955,366.0552633443955,366.0552633443955,366.0552633443955,1,0
12,25,100,30,33,344.6151406368369,259.765894117322,259.765894117322,259.765894117322,259.765894117322,259.765894117322,1,0
12,25,100,100,34,391.9849669027205,335.9446246545726,335.9446246545726,335.9446246545726,335.9446246545726,335.9446246545726,1,0
12,25,1000,30,35,351.7515602153285,37.467215949242444,33.56393632784005,38.73220965550774,30.172287465495117,33.56393632784005,1,1
12,25,1000,100,36,361.71197010268656,52.096744868628655,46.7802336696862,49.840796715959456,49.26156933275759,46.7802336696862,1,0
20,5,10,30,37,332.54261438445116,22.17408863695914,24.466314767815433,27.702300610488145,20.055756615297256,22.17408863695914,1,1
20,5,10,100,38,362.66327065910997,53.97982197902496,50.96450474391,42.71108017849263,47.867738319232316,42.71108017849263,1,0
20,5,100,30,39,359.225017174982,18.649820457485333,16.332893836016087,10.426380702251308,12.518067705862988,10.426380702251308,1,0
20,5,100,100,40,283.34764317846407,23.192250947596165,35.34641354838904,25.8731520486647,21.443417029303138,23.192250947596165,1,1
20,5,1000,30,41,372.8316038991666,14.15372351929026,28.927641963881168,12.54824702284169,12.009644480636803,12.54824702284169,1,1
20,5,1000,100,42,385.0236791127299,20.457694199853904,42.82189404359431,18.380347728979885,12.19854031301807,18.380347728979885,1,1
20,15,10,30,43,358.2663295197489,166.9584227185825,166.9584227185825,142.29377096443585,142.29377096443585,142.29377096443585,1,0
20,15,10,100,44,301.15334499237736,124.98497170658193,106.07312775344167,117.10258862281191,124.98497170658193,106.07312775344167,1,0
20,15,100,30,45,278.07392265936335,22.263943751728245,29.242530961109885,24.017775110445314,22.927900326898396,22.263943751728245,1,0
20,15,100,100,46,369.20476509563,44.3104968734157,50.96633630346682,43.180980646487654,35.012803236554234,43.180980646487654,1,1
20,15,1000,30,47,346.46788961498726,14.001729582126238,24.269495011066716,18.30760953868861,11.074751714747606,14.001729582126238,1,1
20,15,1000,100,48,412.5967174099867,24.861674352244236,41.28045738439415,22.66368479862265,16.45287604223642,22.66368479862265,1,1
20,25,10,30,49,377.11282246171527,370.047885410223,370.047885410223,370.047885410223,370.047885410223,370.047885410223,1,0
20,25,10,100,50,347.8784117197473,289.83242179414657,289.83242179414657,289.83242179414657,289.83242179414657,289.83242179414657,1,0
20,25,100,30,51,351.44879129263074,168.73131213038187,168.73131213038187,168.73131213038187,168.73131213038187,168.73131213038187,1,0
20,25,100,100,52,387.43623505950796,319.5220653916082,319.5220653916082,319.5220653916082,319.5220653916082,319.5220653916082,1,0
20,25,1000,30,53,352.1818769251005,31.255700521654667,34.76412097785281,31.364453854649728,25.936818432205055,31.255700521654667,1,1
20,25,1000,100,54,371.860605439988,52.460341081642,54.70240402902781,51.11281158269355,52.63693987427152,51.11281158269355,1,0
